<?xml version="1.0" encoding="utf-8"?>
<?xml-stylesheet type="text/xsl" href="cpacs_2_0a.xsl"?>
<cpacs xmlns:xsi="http://www.w3.org/2001/XMLSchema-instance" xsi:noNamespaceSchemaLocation="cpacs_schema_v20a.xsd">
  <header>
    <name>D150 for CPACS 1.3</name>
    <description>Arianne 5 Demo Model</description>
    <creator>Martin Siggel</creator>
    <timestamp>2010-07-07T12:00:00</timestamp>
    <version>1.6</version>
    <cpacsVersion>3.0</cpacsVersion>
  </header>
  <vehicles>
    <aircraft>
      <model uID="D150modelID">
        <name>DLR's D150 Release Bird for CPACS 2.0</name>
        <description>Conventional medium range public jet transport aircraft</description>
        <fuselages>
          <fuselage uID="SecondStage">
            <name>name</name>
            <description>description</description>
            <transformation uID="SecondStage_transformation1">
              <scaling uID="SecondStage_transformation1_scaling1">
                <x>1.0</x>
                <y>1.0</y>
                <z>1.0</z>
              </scaling>
              <rotation uID="SecondStage_transformation1_rotation1">
                <x>0.0</x>
                <y>0.0</y>
                <z>0.0</z>
              </rotation>
              <translation refType="absLocal" uID="SecondStage_transformation1_translation1">
                <x>0.0</x>
                <y>0.0</y>
                <z>0.0</z>
              </translation>
            </transformation>
            <sections>
              <section uID="D150_Fuselage_1Section1ID">
                <name>D150_Fuselage_1Section1</name>
                <transformation uID="D150_Fuselage_1Section1ID_transformation1">
                  <scaling uID="D150_Fuselage_1Section1ID_transformation1_scaling1">
                    <x>1.0</x>
                    <y>1.0</y>
                    <z>1.0</z>
                  </scaling>
                  <rotation uID="D150_Fuselage_1Section1ID_transformation1_rotation1">
                    <x>0.0</x>
                    <y>0.0</y>
                    <z>0.0</z>
                  </rotation>
                  <translation refType="absLocal" uID="D150_Fuselage_1Section1ID_transformation1_translation1">
                    <x>0</x>
                    <y>0</y>
                    <z>0</z>
                  </translation>
                </transformation>
                <elements>
                  <element uID="D150_Fuselage_1Section1IDElement1">
                    <name>D150_Fuselage_1Section1</name>
                    <profileUID>fuselageCircleProfileuID</profileUID>
                    <transformation uID="D150_Fuselage_1Section1IDElement1_transformation1">
                      <scaling uID="D150_Fuselage_1Section1IDElement1_transformation1_scaling1">
                        <x>0.0001</x>
                        <y>0.0001</y>
                        <z>0.0001</z>
                      </scaling>
                      <rotation uID="D150_Fuselage_1Section1IDElement1_transformation1_rotation1">
                        <x>0</x>
                        <y>0</y>
                        <z>0</z>
                      </rotation>
                      <translation refType="absLocal" uID="D150_Fuselage_1Section1IDElement1_transformation1_translation1">
                        <x>0</x>
                        <y>0</y>
                        <z>0</z>
                      </translation>
                    </transformation>
                  </element>
                </elements>
              </section>
              <section uID="D150_Fuselage_1Section2ID">
                <name>D150_Fuselage_1Section2</name>
                <transformation uID="D150_Fuselage_1Section2ID_transformation1">
                  <scaling uID="D150_Fuselage_1Section2ID_transformation1_scaling1">
                    <x>1.0</x>
                    <y>1.0</y>
                    <z>1.0</z>
                  </scaling>
                  <rotation uID="D150_Fuselage_1Section2ID_transformation1_rotation1">
                    <x>0.0</x>
                    <y>0.0</y>
                    <z>0.0</z>
                  </rotation>
                  <translation refType="absLocal" uID="D150_Fuselage_1Section2ID_transformation1_translation1">
                    <x>0</x>
                    <y>0</y>
                    <z>0</z>
                  </translation>
                </transformation>
                <elements>
                  <element uID="D150_Fuselage_1Section2IDElement1">
                    <name>D150_Fuselage_1Section2</name>
                    <profileUID>fuselageCircleProfileuID</profileUID>
                    <transformation uID="D150_Fuselage_1Section2IDElement1_transformation1">
                      <scaling uID="D150_Fuselage_1Section2IDElement1_transformation1_scaling1">
                        <x>1</x>
                        <y>1</y>
                        <z>1</z>
                      </scaling>
                      <rotation uID="D150_Fuselage_1Section2IDElement1_transformation1_rotation1">
                        <x>0</x>
                        <y>0</y>
                        <z>0</z>
                      </rotation>
                      <translation refType="absLocal" uID="D150_Fuselage_1Section2IDElement1_transformation1_translation1">
                        <x>0</x>
                        <y>0</y>
                        <z>0</z>
                      </translation>
                    </transformation>
                  </element>
                </elements>
              </section>
              <section uID="D150_Fuselage_1Section3ID">
                <name>D150_Fuselage_1Section3</name>
                <transformation uID="D150_Fuselage_1Section3ID_transformation1">
                  <scaling uID="D150_Fuselage_1Section3ID_transformation1_scaling1">
                    <x>1.0</x>
                    <y>1.0</y>
                    <z>1.0</z>
                  </scaling>
                  <rotation uID="D150_Fuselage_1Section3ID_transformation1_rotation1">
                    <x>0.0</x>
                    <y>0.0</y>
                    <z>0.0</z>
                  </rotation>
                  <translation refType="absLocal" uID="D150_Fuselage_1Section3ID_transformation1_translation1">
                    <x>0</x>
                    <y>0</y>
                    <z>0</z>
                  </translation>
                </transformation>
                <elements>
                  <element uID="D150_Fuselage_1Section3IDElement1">
                    <name>D150_Fuselage_1Section3</name>
                    <profileUID>fuselageCircleProfileuID</profileUID>
                    <transformation uID="D150_Fuselage_1Section3IDElement1_transformation1">
                      <scaling uID="D150_Fuselage_1Section3IDElement1_transformation1_scaling1">
                        <x>2.5</x>
                        <y>2.5</y>
                        <z>2.5</z>
                      </scaling>
                      <rotation uID="D150_Fuselage_1Section3IDElement1_transformation1_rotation1">
                        <x>0</x>
                        <y>0</y>
                        <z>0</z>
                      </rotation>
                      <translation refType="absLocal" uID="D150_Fuselage_1Section3IDElement1_transformation1_translation1">
                        <x>0</x>
                        <y>0</y>
                        <z>0</z>
                      </translation>
                    </transformation>
                  </element>
                </elements>
              </section>
              <section uID="D150_Fuselage_1Section4ID">
                <name>D150_Fuselage_1Section2</name>
                <transformation uID="D150_Fuselage_1Section4ID_transformation1">
                  <scaling uID="D150_Fuselage_1Section4ID_transformation1_scaling1">
                    <x>1.0</x>
                    <y>1.0</y>
                    <z>1.0</z>
                  </scaling>
                  <rotation uID="D150_Fuselage_1Section4ID_transformation1_rotation1">
                    <x>0.0</x>
                    <y>0.0</y>
                    <z>0.0</z>
                  </rotation>
                  <translation refType="absLocal" uID="D150_Fuselage_1Section4ID_transformation1_translation1">
                    <x>0</x>
                    <y>0</y>
                    <z>0</z>
                  </translation>
                </transformation>
                <elements>
                  <element uID="D150_Fuselage_1Section4IDElement1">
                    <name>D150_Fuselage_1Section2</name>
                    <profileUID>fuselageCircleProfileuID</profileUID>
                    <transformation uID="D150_Fuselage_1Section4IDElement1_transformation1">
                      <scaling uID="D150_Fuselage_1Section4IDElement1_transformation1_scaling1">
                        <x>3</x>
                        <y>3</y>
                        <z>3</z>
                      </scaling>
                      <rotation uID="D150_Fuselage_1Section4IDElement1_transformation1_rotation1">
                        <x>0</x>
                        <y>0</y>
                        <z>0</z>
                      </rotation>
                      <translation refType="absLocal" uID="D150_Fuselage_1Section4IDElement1_transformation1_translation1">
                        <x>0</x>
                        <y>0</y>
                        <z>0</z>
                      </translation>
                    </transformation>
                  </element>
                </elements>
              </section>
              <section uID="D150_Fuselage_1Section5ID">
                <name>D150_Fuselage_1Section2</name>
                <transformation uID="D150_Fuselage_1Section5ID_transformation1">
                  <scaling uID="D150_Fuselage_1Section5ID_transformation1_scaling1">
                    <x>1.0</x>
                    <y>1.0</y>
                    <z>1.0</z>
                  </scaling>
                  <rotation uID="D150_Fuselage_1Section5ID_transformation1_rotation1">
                    <x>0.0</x>
                    <y>0.0</y>
                    <z>0.0</z>
                  </rotation>
                  <translation refType="absLocal" uID="D150_Fuselage_1Section5ID_transformation1_translation1">
                    <x>0</x>
                    <y>0</y>
                    <z>0</z>
                  </translation>
                </transformation>
                <elements>
                  <element uID="D150_Fuselage_1Section5IDElement1">
                    <name>D150_Fuselage_1Section5</name>
                    <profileUID>fuselageCircleProfileuID</profileUID>
                    <transformation uID="D150_Fuselage_1Section5IDElement1_transformation1">
                      <scaling uID="D150_Fuselage_1Section5IDElement1_transformation1_scaling1">
                        <x>3</x>
                        <y>3</y>
                        <z>3</z>
                      </scaling>
                      <rotation uID="D150_Fuselage_1Section5IDElement1_transformation1_rotation1">
                        <x>0</x>
                        <y>0</y>
                        <z>0</z>
                      </rotation>
                      <translation refType="absLocal" uID="D150_Fuselage_1Section5IDElement1_transformation1_translation1">
                        <x>0</x>
                        <y>0</y>
                        <z>0</z>
                      </translation>
                    </transformation>
                  </element>
                </elements>
              </section>
            </sections>
            <positionings>
              <positioning uID="D150_Fuselage_1Positioning1ID">
                <name>D150_Fuselage_1Positioning1</name>
                <length>0.0</length>
                <sweepAngle>90</sweepAngle>
                <dihedralAngle>0</dihedralAngle>
                <toSectionUID>D150_Fuselage_1Section1ID</toSectionUID>
              </positioning>
              <positioning uID="D150_Fuselage_1Positioning2ID">
                <name>D150_Fuselage_1Positioning2</name>
                <length>0.8</length>
                <sweepAngle>90</sweepAngle>
                <dihedralAngle>0</dihedralAngle>
                <fromSectionUID>D150_Fuselage_1Section1ID</fromSectionUID>
                <toSectionUID>D150_Fuselage_1Section2ID</toSectionUID>
              </positioning>
              <positioning uID="D150_Fuselage_1Positioning3ID">
                <name>D150_Fuselage_1Positioning3</name>
                <length>4</length>
                <sweepAngle>90</sweepAngle>
                <dihedralAngle>0</dihedralAngle>
                <fromSectionUID>D150_Fuselage_1Section2ID</fromSectionUID>
                <toSectionUID>D150_Fuselage_1Section3ID</toSectionUID>
              </positioning>
              <positioning uID="D150_Fuselage_1Positioning4ID">
                <name>D150_Fuselage_1Positioning3</name>
                <length>5</length>
                <sweepAngle>90</sweepAngle>
                <dihedralAngle>0</dihedralAngle>
                <fromSectionUID>D150_Fuselage_1Section3ID</fromSectionUID>
                <toSectionUID>D150_Fuselage_1Section4ID</toSectionUID>
              </positioning>
                <positioning uID="D150_Fuselage_1Positioning5ID">
                <name>D150_Fuselage_1Positioning3</name>
                <length>10.2</length>
                <sweepAngle>90</sweepAngle>
                <dihedralAngle>0</dihedralAngle>
                <fromSectionUID>D150_Fuselage_1Section4ID</fromSectionUID>
                <toSectionUID>D150_Fuselage_1Section5ID</toSectionUID>
              </positioning>
            </positionings>
            <segments>
              <segment uID="segmentD150_Fuselage_1Segment2ID">
                <name>D150_Fuselage_1Segment2</name>
                <fromElementUID>D150_Fuselage_1Section1IDElement1</fromElementUID>
                <toElementUID>D150_Fuselage_1Section2IDElement1</toElementUID>
              </segment>
              <segment uID="segmentD150_Fuselage_1Segment3ID">
                <name>D150_Fuselage_1Segment3</name>
                <fromElementUID>D150_Fuselage_1Section2IDElement1</fromElementUID>
                <toElementUID>D150_Fuselage_1Section3IDElement1</toElementUID>
              </segment>
              <segment uID="segmentD150_Fuselage_1Segment4ID">
                <name>D150_Fuselage_1Segment3</name>
                <fromElementUID>D150_Fuselage_1Section3IDElement1</fromElementUID>
                <toElementUID>D150_Fuselage_1Section4IDElement1</toElementUID>
              </segment>
              <segment uID="segmentD150_Fuselage_1Segment5ID">
                <name>D150_Fuselage_1Segment3</name>
                <fromElementUID>D150_Fuselage_1Section4IDElement1</fromElementUID>
                <toElementUID>D150_Fuselage_1Section5IDElement1</toElementUID>
              </segment>
            </segments>
          </fuselage>
          <fuselage uID="FirstStage">
            <name>name</name>
            <description>description</description>
            <transformation uID="FirstStage_transformation1">
              <scaling uID="FirstStage_transformation1_scaling1">
                <x>1.0</x>
                <y>1.0</y>
                <z>1.0</z>
              </scaling>
              <rotation uID="FirstStage_transformation1_rotation1">
                <x>0.0</x>
                <y>0.0</y>
                <z>0.0</z>
              </rotation>
              <translation refType="absLocal" uID="FirstStage_transformation1_translation1">
                <x>20.0</x>
                <y>0.0</y>
                <z>0.0</z>
              </translation>
            </transformation>
            <sections>
              <section uID="D150_FirstStageSection1ID">
                <name>D150_FirstStageSection1</name>
                <transformation uID="D150_FirstStageSection1ID_transformation1">
                  <scaling uID="D150_FirstStageSection1ID_transformation1_scaling1">
                    <x>1.0</x>
                    <y>1.0</y>
                    <z>1.0</z>
                  </scaling>
                  <rotation uID="D150_FirstStageSection1ID_transformation1_rotation1">
                    <x>0.0</x>
                    <y>0.0</y>
                    <z>0.0</z>
                  </rotation>
                  <translation refType="absLocal" uID="D150_FirstStageSection1ID_transformation1_translation1">
                    <x>0</x>
                    <y>0</y>
                    <z>0</z>
                  </translation>
                </transformation>
                <elements>
                  <element uID="D150_FirstStageSection1IDElement1">
                    <name>D150_FirstStageSection1</name>
                    <profileUID>fuselageCircleProfileuID</profileUID>
                    <transformation uID="D150_FirstStageSection1IDElement1_transformation1">
                      <scaling uID="D150_FirstStageSection1IDElement1_transformation1_scaling1">
                        <x>3</x>
                        <y>3</y>
                        <z>3</z>
                      </scaling>
                      <rotation uID="D150_FirstStageSection1IDElement1_transformation1_rotation1">
                        <x>0</x>
                        <y>0</y>
                        <z>0</z>
                      </rotation>
                      <translation refType="absLocal" uID="D150_FirstStageSection1IDElement1_transformation1_translation1">
                        <x>0</x>
                        <y>0</y>
                        <z>0</z>
                      </translation>
                    </transformation>
                  </element>
                </elements>
              </section>
              <section uID="D150_FirstStageSection2ID">
                <name>D150_FirstStageSection2</name>
                <transformation uID="D150_FirstStageSection2ID_transformation1">
                  <scaling uID="D150_FirstStageSection2ID_transformation1_scaling1">
                    <x>1.0</x>
                    <y>1.0</y>
                    <z>1.0</z>
                  </scaling>
                  <rotation uID="D150_FirstStageSection2ID_transformation1_rotation1">
                    <x>0.0</x>
                    <y>0.0</y>
                    <z>0.0</z>
                  </rotation>
                  <translation refType="absLocal" uID="D150_FirstStageSection2ID_transformation1_translation1">
                    <x>0</x>
                    <y>0</y>
                    <z>0</z>
                  </translation>
                </transformation>
                <elements>
                  <element uID="D150_FirstStageSection2IDElement1">
                    <name>D150_FirstStageSection2</name>
                    <profileUID>fuselageCircleProfileuID</profileUID>
                    <transformation uID="D150_FirstStageSection2IDElement1_transformation1">
                      <scaling uID="D150_FirstStageSection2IDElement1_transformation1_scaling1">
                        <x>3</x>
                        <y>3</y>
                        <z>3</z>
                      </scaling>
                      <rotation uID="D150_FirstStageSection2IDElement1_transformation1_rotation1">
                        <x>0</x>
                        <y>0</y>
                        <z>0</z>
                      </rotation>
                      <translation refType="absLocal" uID="D150_FirstStageSection2IDElement1_transformation1_translation1">
                        <x>0</x>
                        <y>0</y>
                        <z>0</z>
                      </translation>
                    </transformation>
                  </element>
                </elements>
              </section>
              <section uID="D150_FirstStageSection3ID">
                <name>D150_FirstStageSection3</name>
                <transformation uID="D150_FirstStageSection3ID_transformation1">
                  <scaling uID="D150_FirstStageSection3ID_transformation1_scaling1">
                    <x>1.0</x>
                    <y>1.0</y>
                    <z>1.0</z>
                  </scaling>
                  <rotation uID="D150_FirstStageSection3ID_transformation1_rotation1">
                    <x>0.0</x>
                    <y>0.0</y>
                    <z>0.0</z>
                  </rotation>
                  <translation refType="absLocal" uID="D150_FirstStageSection3ID_transformation1_translation1">
                    <x>0</x>
                    <y>0</y>
                    <z>0</z>
                  </translation>
                </transformation>
                <elements>
                  <element uID="D150_FirstStageSection3IDElement1">
                    <name>D150_FirstStageSection3</name>
                    <profileUID>fuselageCircleProfileuID</profileUID>
                    <transformation uID="D150_FirstStageSection3IDElement1_transformation1">
                      <scaling uID="D150_FirstStageSection3IDElement1_transformation1_scaling1">
                        <x>1.3</x>
                        <y>1.3</y>
                        <z>1.3</z>
                      </scaling>
                      <rotation uID="D150_FirstStageSection3IDElement1_transformation1_rotation1">
                        <x>0</x>
                        <y>0</y>
                        <z>0</z>
                      </rotation>
                      <translation refType="absLocal" uID="D150_FirstStageSection3IDElement1_transformation1_translation1">
                        <x>0</x>
                        <y>0</y>
                        <z>0</z>
                      </translation>
                    </transformation>
                  </element>
                </elements>
              </section>
            </sections>
            <positionings>
              <positioning uID="D150_FirstStagePositioning1ID">
                <name>D150_FirstStagePositioning1</name>
                <length>0.0</length>
                <sweepAngle>90</sweepAngle>
                <dihedralAngle>0</dihedralAngle>
                <toSectionUID>D150_FirstStageSection1ID</toSectionUID>
              </positioning>
              <positioning uID="D150_FirstStagePositioning2ID">
                <name>D150_FirstStagePositioning2</name>
                <length>26</length>
                <sweepAngle>90</sweepAngle>
                <dihedralAngle>0</dihedralAngle>
                <fromSectionUID>D150_FirstStageSection1ID</fromSectionUID>
                <toSectionUID>D150_FirstStageSection2ID</toSectionUID>
              </positioning>
              <positioning uID="D150_FirstStagePositioning3ID">
                <name>D150_FirstStagePositioning3</name>
                <length>2.5</length>
                <sweepAngle>90</sweepAngle>
                <dihedralAngle>0</dihedralAngle>
                <fromSectionUID>D150_FirstStageSection2ID</fromSectionUID>
                <toSectionUID>D150_FirstStageSection3ID</toSectionUID>
              </positioning>
            </positionings>
            <segments>
              <segment uID="segmentD150_FirstStageSegment2ID">
                <name>D150_FirstStageSegment2</name>
                <fromElementUID>D150_FirstStageSection1IDElement1</fromElementUID>
                <toElementUID>D150_FirstStageSection2IDElement1</toElementUID>
				<guideCurves>
                  <guideCurve uID="SecondStageSegment_0_upper">
                    <name>D150_Fuselage_1_Segment0_guide0</name>
                    <guideCurveProfileUID>SecondStageSegment_0_upper_profile</guideCurveProfileUID>
                    <fromRelativeCircumference>0</fromRelativeCircumference>
                    <toRelativeCircumference>0</toRelativeCircumference>
                  </guideCurve>
				  				   <guideCurve uID="SecondStageSegment_0_left">
                    <name>D150_Fuselage_1_Segment0_guide0</name>
                    <guideCurveProfileUID>SecondStageSegment_0_upper_profile</guideCurveProfileUID>
                    <fromRelativeCircumference>0.25</fromRelativeCircumference>
                    <toRelativeCircumference>0.25</toRelativeCircumference>
                  </guideCurve>
				  
				   <guideCurve uID="SecondStageSegment_0_lower">
                    <name>D150_Fuselage_1_Segment0_guide0</name>
                    <guideCurveProfileUID>SecondStageSegment_0_upper_profile</guideCurveProfileUID>
                    <fromRelativeCircumference>0.5</fromRelativeCircumference>
                    <toRelativeCircumference>0.5</toRelativeCircumference>
                  </guideCurve>
		          <guideCurve uID="SecondStageSegment_0_right">
                    <name>D150_Fuselage_1_Segment0_guide0</name>
                    <guideCurveProfileUID>SecondStageSegment_0_upper_profile</guideCurveProfileUID>
                    <fromRelativeCircumference>0.75</fromRelativeCircumference>
                    <toRelativeCircumference>0.75</toRelativeCircumference>
                  </guideCurve>
				  </guideCurves>
              </segment>
              <segment uID="segmentD150_FirstStageSegment3ID">
                <name>D150_FirstStageSegment3</name>
                <fromElementUID>D150_FirstStageSection2IDElement1</fromElementUID>
                <toElementUID>D150_FirstStageSection3IDElement1</toElementUID>
				<guideCurves>
					<guideCurve uID="SecondStageSegment_1_upper">
						<name>SecondSTage_Segment_1_upper</name>
						<guideCurveProfileUID>SecondStageSegment_0_upper_profile</guideCurveProfileUID>
						<fromGuideCurveUID>SecondStageSegment_0_upper</fromGuideCurveUID>
						<toRelativeCircumference>0</toRelativeCircumference>
						<continuity>C0</continuity>
					</guideCurve>
					<guideCurve uID="SecondStageSegment_1_left">
						<name>SecondSTage_Segment_1_upper</name>
						<guideCurveProfileUID>SecondStageSegment_0_upper_profile</guideCurveProfileUID>
						<fromGuideCurveUID>SecondStageSegment_0_left</fromGuideCurveUID>
						<toRelativeCircumference>0.25</toRelativeCircumference>
						<continuity>C0</continuity>
					</guideCurve>
			         <guideCurve uID="SecondStageSegment_1_lower">
                    <name>D150_Fuselage_1_Segment0_guide0</name>
                    <guideCurveProfileUID>SecondStageSegment_0_upper_profile</guideCurveProfileUID>
                    <fromGuideCurveUID>SecondStageSegment_0_lower</fromGuideCurveUID>
                    <toRelativeCircumference>0.5</toRelativeCircumference>
					<continuity>C0</continuity>
                  </guideCurve>
				<guideCurve uID="SecondStageSegment_1_right">
						<name>SecondSTage_Segment_1_upper</name>
						<guideCurveProfileUID>SecondStageSegment_0_upper_profile</guideCurveProfileUID>
						<fromGuideCurveUID>SecondStageSegment_0_right</fromGuideCurveUID>
						<toRelativeCircumference>0.75</toRelativeCircumference>
						<continuity>C0</continuity>
						</guideCurve>
				  </guideCurves>
              </segment>
            </segments>
          </fuselage>
       
          <fuselage uID="Engine">
            <name>name</name>
			<parentUID>FirstStage</parentUID>
            <description>description</description>
            <transformation uID="Engine_transformation1">
              <scaling uID="Engine_transformation1_scaling1">
                <x>1.0</x>
                <y>1.0</y>
                <z>1.0</z>
              </scaling>
              <rotation uID="Engine_transformation1_rotation1">
                <x>0.0</x>
                <y>0.0</y>
                <z>0.0</z>
              </rotation>
              <translation refType="absLocal" uID="Engine_transformation1_translation1">
                <x>28.2</x>
                <y>0</y>
                <z>0.0</z>
              </translation>
            </transformation>
            <sections>
              <section uID="D150_EngineSection1ID">
                <name>D150_EngineSection1</name>
                <transformation uID="D150_EngineSection1ID_transformation1">
                  <scaling uID="D150_EngineSection1ID_transformation1_scaling1">
                    <x>1.0</x>
                    <y>1.0</y>
                    <z>1.0</z>
                  </scaling>
                  <rotation uID="D150_EngineSection1ID_transformation1_rotation1">
                    <x>0.0</x>
                    <y>0.0</y>
                    <z>0.0</z>
                  </rotation>
                  <translation refType="absLocal" uID="D150_EngineSection1ID_transformation1_translation1">
                    <x>0</x>
                    <y>0</y>
                    <z>0</z>
                  </translation>
                </transformation>
                <elements>
                  <element uID="D150_EngineSection1IDElement1">
                    <name>D150_EngineSection1</name>
                    <profileUID>fuselageCircleProfileuID</profileUID>
                    <transformation uID="D150_EngineSection1IDElement1_transformation1">
                      <scaling uID="D150_EngineSection1IDElement1_transformation1_scaling1">
                        <x>1</x>
                        <y>1</y>
                        <z>1</z>
                      </scaling>
                      <rotation uID="D150_EngineSection1IDElement1_transformation1_rotation1">
                        <x>0</x>
                        <y>0</y>
                        <z>0</z>
                      </rotation>
                      <translation refType="absLocal" uID="D150_EngineSection1IDElement1_transformation1_translation1">
                        <x>0</x>
                        <y>0</y>
                        <z>0</z>
                      </translation>
                    </transformation>
                  </element>
                </elements>
              </section>
			  <section uID="D150_EngineSection15ID">
                <name>D150_EngineSection1</name>
                <transformation uID="D150_EngineSection15ID_transformation1">
                  <scaling uID="D150_EngineSection15ID_transformation1_scaling1">
                    <x>1.0</x>
                    <y>1.0</y>
                    <z>1.0</z>
                  </scaling>
                  <rotation uID="D150_EngineSection15ID_transformation1_rotation1">
                    <x>0.0</x>
                    <y>0.0</y>
                    <z>0.0</z>
                  </rotation>
                  <translation refType="absLocal" uID="D150_EngineSection15ID_transformation1_translation1">
                    <x>0</x>
                    <y>0</y>
                    <z>0</z>
                  </translation>
                </transformation>
                <elements>
                  <element uID="D150_EngineSection15IDElement1">
                    <name>D150_EngineSection1</name>
                    <profileUID>fuselageCircleProfileuID</profileUID>
                    <transformation uID="D150_EngineSection15IDElement1_transformation1">
                      <scaling uID="D150_EngineSection15IDElement1_transformation1_scaling1">
                        <x>1.3</x>
                        <y>1.3</y>
                        <z>1.3</z>
                      </scaling>
                      <rotation uID="D150_EngineSection15IDElement1_transformation1_rotation1">
                        <x>0</x>
                        <y>0</y>
                        <z>0</z>
                      </rotation>
                      <translation refType="absLocal" uID="D150_EngineSection15IDElement1_transformation1_translation1">
                        <x>0</x>
                        <y>0</y>
                        <z>0</z>
                      </translation>
                    </transformation>
                  </element>
                </elements>
              </section>
              <section uID="D150_EngineSection2ID">
                <name>D150_EngineSection2</name>
                <transformation uID="D150_EngineSection2ID_transformation1">
                  <scaling uID="D150_EngineSection2ID_transformation1_scaling1">
                    <x>1.0</x>
                    <y>1.0</y>
                    <z>1.0</z>
                  </scaling>
                  <rotation uID="D150_EngineSection2ID_transformation1_rotation1">
                    <x>0.0</x>
                    <y>0.0</y>
                    <z>0.0</z>
                  </rotation>
                  <translation refType="absLocal" uID="D150_EngineSection2ID_transformation1_translation1">
                    <x>0</x>
                    <y>0</y>
                    <z>0</z>
                  </translation>
                </transformation>
                <elements>
                  <element uID="D150_EngineSection2IDElement1">
                    <name>D150_EngineSection2</name>
                    <profileUID>fuselageCircleProfileuID</profileUID>
                    <transformation uID="D150_EngineSection2IDElement1_transformation1">
                      <scaling uID="D150_EngineSection2IDElement1_transformation1_scaling1">
                        <x>1</x>
                        <y>1</y>
                        <z>1</z>
                      </scaling>
                      <rotation uID="D150_EngineSection2IDElement1_transformation1_rotation1">
                        <x>0</x>
                        <y>0</y>
                        <z>0</z>
                      </rotation>
                      <translation refType="absLocal" uID="D150_EngineSection2IDElement1_transformation1_translation1">
                        <x>0</x>
                        <y>0</y>
                        <z>0</z>
                      </translation>
                    </transformation>
                  </element>
                </elements>
              </section>
              <section uID="D150_EngineSection3ID">
                <name>D150_EngineSection3</name>
                <transformation uID="D150_EngineSection3ID_transformation1">
                  <scaling uID="D150_EngineSection3ID_transformation1_scaling1">
                    <x>1.0</x>
                    <y>1.0</y>
                    <z>1.0</z>
                  </scaling>
                  <rotation uID="D150_EngineSection3ID_transformation1_rotation1">
                    <x>0.0</x>
                    <y>0.0</y>
                    <z>0.0</z>
                  </rotation>
                  <translation refType="absLocal" uID="D150_EngineSection3ID_transformation1_translation1">
                    <x>0</x>
                    <y>0</y>
                    <z>0</z>
                  </translation>
                </transformation>
                <elements>
                  <element uID="D150_EngineSection3IDElement1">
                    <name>D150_EngineSection3</name>
                    <profileUID>fuselageCircleProfileuID</profileUID>
                    <transformation uID="D150_EngineSection3IDElement1_transformation1">
                      <scaling uID="D150_EngineSection3IDElement1_transformation1_scaling1">
                        <x>1.0</x>
                        <y>1.0</y>
                        <z>1.0</z>
                      </scaling>
                      <rotation uID="D150_EngineSection3IDElement1_transformation1_rotation1">
                        <x>0</x>
                        <y>0</y>
                        <z>0</z>
                      </rotation>
                      <translation refType="absLocal" uID="D150_EngineSection3IDElement1_transformation1_translation1">
                        <x>0</x>
                        <y>0</y>
                        <z>0</z>
                      </translation>
                    </transformation>
                  </element>
                </elements>
              </section>
			                <section uID="D150_EngineSection4ID">
                <name>D150_EngineSection4</name>
                <transformation uID="D150_EngineSection4ID_transformation1">
                  <scaling uID="D150_EngineSection4ID_transformation1_scaling1">
                    <x>1.0</x>
                    <y>1.0</y>
                    <z>1.0</z>
                  </scaling>
                  <rotation uID="D150_EngineSection4ID_transformation1_rotation1">
                    <x>0.0</x>
                    <y>0.0</y>
                    <z>0.0</z>
                  </rotation>
                  <translation refType="absLocal" uID="D150_EngineSection4ID_transformation1_translation1">
                    <x>0</x>
                    <y>0</y>
                    <z>0</z>
                  </translation>
                </transformation>
                <elements>
                  <element uID="D150_EngineSection4IDElement1">
                    <name>D150_EngineSection4</name>
                    <profileUID>fuselageCircleProfileuID</profileUID>
                    <transformation uID="D150_EngineSection4IDElement1_transformation1">
                      <scaling uID="D150_EngineSection4IDElement1_transformation1_scaling1">
                        <x>0.5</x>
                        <y>0.5</y>
                        <z>0.5</z>
                      </scaling>
                      <rotation uID="D150_EngineSection4IDElement1_transformation1_rotation1">
                        <x>0</x>
                        <y>0</y>
                        <z>0</z>
                      </rotation>
                      <translation refType="absLocal" uID="D150_EngineSection4IDElement1_transformation1_translation1">
                        <x>0</x>
                        <y>0</y>
                        <z>0</z>
                      </translation>
                    </transformation>
                  </element>
                </elements>
              </section>
            </sections>
            <positionings>
              <positioning uID="D150_EnginePositioning1ID">
                <name>D150_EnginePositioning1</name>
                <length>0.0</length>
                <sweepAngle>90</sweepAngle>
                <dihedralAngle>0</dihedralAngle>
                <toSectionUID>D150_EngineSection1ID</toSectionUID>
              </positioning>
			  <positioning uID="D150_EnginePositioning15ID">
                <name>D150_EnginePositioning1</name>
                <length>1.6</length>
                <sweepAngle>90</sweepAngle>
                <dihedralAngle>0</dihedralAngle>
				<fromSectionUID>D150_EngineSection1ID</fromSectionUID>
                <toSectionUID>D150_EngineSection15ID</toSectionUID>
              </positioning>
              <positioning uID="D150_EnginePositioning2ID">
                <name>D150_EnginePositioning2</name>
                <length>0.2</length>
                <sweepAngle>90</sweepAngle>
                <dihedralAngle>0</dihedralAngle>
                <fromSectionUID>D150_EngineSection15ID</fromSectionUID>
                <toSectionUID>D150_EngineSection2ID</toSectionUID>
              </positioning>
              <positioning uID="D150_EnginePositioning3ID">
                <name>D150_EnginePositioning3</name>
                <length>0.6</length>
                <sweepAngle>90</sweepAngle>
                <dihedralAngle>0</dihedralAngle>
                <fromSectionUID>D150_EngineSection2ID</fromSectionUID>
                <toSectionUID>D150_EngineSection3ID</toSectionUID>
              </positioning>
			  <positioning uID="D150_EnginePositioning4ID">
                <name>D150_EnginePositioning3</name>
                <length>0.4</length>
                <sweepAngle>90</sweepAngle>
                <dihedralAngle>0</dihedralAngle>
                <fromSectionUID>D150_EngineSection3ID</fromSectionUID>
                <toSectionUID>D150_EngineSection4ID</toSectionUID>
              </positioning>
            </positionings>
            <segments>
              <segment uID="segmentD150_EngineSegment2ID">
                <name>D150_EngineSegment2</name>
                <fromElementUID>D150_EngineSection1IDElement1</fromElementUID>
                <toElementUID>D150_EngineSection15IDElement1</toElementUID>
				<guideCurves>
                  <guideCurve uID="EngineSegment_0_upper">
                    <name>D150_Fuselage_1_Segment0_guide0</name>
                    <guideCurveProfileUID>EngineSegment_0_upper_profile</guideCurveProfileUID>
                    <fromRelativeCircumference>0</fromRelativeCircumference>
                    <toRelativeCircumference>0</toRelativeCircumference>
					<continuity>c0</continuity>
                  </guideCurve>
				  				   <guideCurve uID="EngineSegment_0_left">
                    <name>D150_Fuselage_1_Segment0_guide0</name>
                    <guideCurveProfileUID>EngineSegment_0_upper_profile</guideCurveProfileUID>
                    <fromRelativeCircumference>0.25</fromRelativeCircumference>
                    <toRelativeCircumference>0.25</toRelativeCircumference>
					<continuity>c0</continuity>
                  </guideCurve>
				  
				   <guideCurve uID="EngineSegment_0_lower">
                    <name>D150_Fuselage_1_Segment0_guide0</name>
                    <guideCurveProfileUID>EngineSegment_0_upper_profile</guideCurveProfileUID>
                    <fromRelativeCircumference>0.5</fromRelativeCircumference>
                    <toRelativeCircumference>0.5</toRelativeCircumference>
					<continuity>c0</continuity>
                  </guideCurve>
		          <guideCurve uID="EngineSegment_0_right">
                    <name>D150_Fuselage_1_Segment0_guide0</name>
                    <guideCurveProfileUID>EngineSegment_0_upper_profile</guideCurveProfileUID>
                    <fromRelativeCircumference>0.75</fromRelativeCircumference>
                    <toRelativeCircumference>0.75</toRelativeCircumference>
					<continuity>c0</continuity>
                  </guideCurve>
				  </guideCurves>
              </segment>
			<segment uID="segmentD150_EngineSegment25ID">
                <name>D150_EngineSegment2</name>
                <fromElementUID>D150_EngineSection15IDElement1</fromElementUID>
                <toElementUID>D150_EngineSection2IDElement1</toElementUID>
				<guideCurves>
                  <guideCurve uID="EngineSegment_05_upper">
                    <name>D150_Fuselage_1_Segment0_guide0</name>
                    <guideCurveProfileUID>EngineSegment_0_upper_profile</guideCurveProfileUID>
                    <fromGuideCurveUID>EngineSegment_0_upper</fromGuideCurveUID>
                    <toRelativeCircumference>0</toRelativeCircumference>
					<continuity>c0</continuity>
                  </guideCurve>
				  				   <guideCurve uID="EngineSegment_05_left">
                    <name>D150_Fuselage_1_Segment0_guide0</name>
                    <guideCurveProfileUID>EngineSegment_0_upper_profile</guideCurveProfileUID>
                    <fromGuideCurveUID>EngineSegment_0_left</fromGuideCurveUID>
                    <toRelativeCircumference>0.25</toRelativeCircumference>
					<continuity>c0</continuity>
                  </guideCurve>
				  
				   <guideCurve uID="EngineSegment_05_lower">
                    <name>D150_Fuselage_1_Segment0_guide0</name>
                    <guideCurveProfileUID>EngineSegment_0_upper_profile</guideCurveProfileUID>
                    <fromGuideCurveUID>EngineSegment_0_lower</fromGuideCurveUID>
                    <toRelativeCircumference>0.5</toRelativeCircumference>
					<continuity>c0</continuity>
                  </guideCurve>
		          <guideCurve uID="EngineSegment_05_right">
                    <name>D150_Fuselage_1_Segment0_guide0</name>
                    <guideCurveProfileUID>EngineSegment_0_upper_profile</guideCurveProfileUID>
                    <fromGuideCurveUID>EngineSegment_0_right</fromGuideCurveUID>
                    <toRelativeCircumference>0.75</toRelativeCircumference>
					<continuity>c0</continuity>
                  </guideCurve>
				  </guideCurves>
              </segment>
              <segment uID="segmentD150_EngineSegment3ID">
                <name>D150_EngineSegment3</name>
                <fromElementUID>D150_EngineSection2IDElement1</fromElementUID>
                <toElementUID>D150_EngineSection3IDElement1</toElementUID>
				<guideCurves>
					<guideCurve uID="EngineSegment_1_upper">
						<name>Engine_Segment_1_upper</name>
						<guideCurveProfileUID>EngineSegment_0_upper_profile</guideCurveProfileUID>
						<fromGuideCurveUID>EngineSegment_05_upper</fromGuideCurveUID>
						<toRelativeCircumference>0</toRelativeCircumference>
						<continuity>C0</continuity>
					</guideCurve>
					<guideCurve uID="EngineSegment_1_left">
						<name>Engine_Segment_1_upper</name>
						<guideCurveProfileUID>EngineSegment_0_upper_profile</guideCurveProfileUID>
						<fromGuideCurveUID>EngineSegment_05_left</fromGuideCurveUID>
						<toRelativeCircumference>0.25</toRelativeCircumference>
						<continuity>C0</continuity>
					</guideCurve>
			         <guideCurve uID="EngineSegment_1_lower">
                    <name>D150_Fuselage_1_Segment0_guide0</name>
                    <guideCurveProfileUID>EngineSegment_0_upper_profile</guideCurveProfileUID>
                    <fromGuideCurveUID>EngineSegment_05_lower</fromGuideCurveUID>
                    <toRelativeCircumference>0.5</toRelativeCircumference>
					<continuity>C0</continuity>
                  </guideCurve>
				<guideCurve uID="EngineSegment_1_right">
						<name>Engine_Segment_1_upper</name>
						<guideCurveProfileUID>EngineSegment_0_upper_profile</guideCurveProfileUID>
						<fromGuideCurveUID>EngineSegment_05_right</fromGuideCurveUID>
						<toRelativeCircumference>0.75</toRelativeCircumference>
						<continuity>C0</continuity>
						</guideCurve>
				  </guideCurves>
              </segment>
			                <segment uID="segmentD150_EngineSegment4ID">
                <name>D150_EngineSegment4</name>
                <fromElementUID>D150_EngineSection3IDElement1</fromElementUID>
                <toElementUID>D150_EngineSection4IDElement1</toElementUID>
				<guideCurves>
					<guideCurve uID="EngineSegment_2_upper">
						<name>Engine_Segment_1_upper</name>
						<guideCurveProfileUID>EngineSegment_0_upper_profile</guideCurveProfileUID>
						<fromGuideCurveUID>EngineSegment_1_upper</fromGuideCurveUID>
						<toRelativeCircumference>0</toRelativeCircumference>
						<continuity>C0</continuity>
					</guideCurve>
					<guideCurve uID="EngineSegment_2_left">
						<name>Engine_Segment_1_upper</name>
						<guideCurveProfileUID>EngineSegment_0_upper_profile</guideCurveProfileUID>
						<fromGuideCurveUID>EngineSegment_1_left</fromGuideCurveUID>
						<toRelativeCircumference>0.25</toRelativeCircumference>
						<continuity>C0</continuity>
					</guideCurve>
			         <guideCurve uID="EngineSegment_2_lower">
                    <name>D150_Fuselage_1_Segment0_guide0</name>
                    <guideCurveProfileUID>EngineSegment_0_upper_profile</guideCurveProfileUID>
                    <fromGuideCurveUID>EngineSegment_1_lower</fromGuideCurveUID>
                    <toRelativeCircumference>0.5</toRelativeCircumference>
					<continuity>C0</continuity>
                  </guideCurve>
				<guideCurve uID="EngineSegment_2_right">
						<name>Engine_Segment_1_upper</name>
						<guideCurveProfileUID>EngineSegment_0_upper_profile</guideCurveProfileUID>
						<fromGuideCurveUID>EngineSegment_1_right</fromGuideCurveUID>
						<toRelativeCircumference>0.75</toRelativeCircumference>
						<continuity>C0</continuity>
						</guideCurve>
				  </guideCurves>
              </segment>
            </segments>
          </fuselage>
       
        
		 		 <fuselage uID="EngineNozzle">
            <name>name</name>
			<parentUID>Engine</parentUID>
            <description>description</description>
            <transformation uID="EngineNozzle_transformation1">
              <scaling uID="EngineNozzle_transformation1_scaling1">
                <x>0.7</x>
                <y>0.4</y>
                <z>0.4</z>
              </scaling>
              <rotation uID="EngineNozzle_transformation1_rotation1">
                <x>0.0</x>
                <y>0.0</y>
                <z>0.0</z>
              </rotation>
              <translation refType="absLocal" uID="EngineNozzle_transformation1_translation1">
                <x>2.2</x>
                <y>0.0</y>
                <z>0.0</z>
              </translation>
            </transformation>
            <sections>
              <section uID="EngineNozzleSection1ID">
                <name>EngineNozzleSection1</name>
                <transformation uID="EngineNozzleSection1ID_transformation1">
                  <scaling uID="EngineNozzleSection1ID_transformation1_scaling1">
                    <x>1.0</x>
                    <y>1.0</y>
                    <z>1.0</z>
                  </scaling>
                  <rotation uID="EngineNozzleSection1ID_transformation1_rotation1">
                    <x>0.0</x>
                    <y>0.0</y>
                    <z>0.0</z>
                  </rotation>
                  <translation refType="absLocal" uID="EngineNozzleSection1ID_transformation1_translation1">
                    <x>0</x>
                    <y>0</y>
                    <z>0</z>
                  </translation>
                </transformation>
                <elements>
                  <element uID="EngineNozzleSection1IDElement1">
                    <name>EngineNozzleSection1</name>
                    <profileUID>fuselageCircleProfileuID</profileUID>
                    <transformation uID="EngineNozzleSection1IDElement1_transformation1">
                      <scaling uID="EngineNozzleSection1IDElement1_transformation1_scaling1">
                        <x>1.2</x>
                        <y>1.2</y>
                        <z>1.2</z>
                      </scaling>
                      <rotation uID="EngineNozzleSection1IDElement1_transformation1_rotation1">
                        <x>0</x>
                        <y>0</y>
                        <z>0</z>
                      </rotation>
                      <translation refType="absLocal" uID="EngineNozzleSection1IDElement1_transformation1_translation1">
                        <x>0</x>
                        <y>0</y>
                        <z>0</z>
                      </translation>
                    </transformation>
                  </element>
                </elements>
              </section>
              <section uID="EngineNozzleSection2ID">
                <name>EngineNozzleSection2</name>
                <transformation uID="EngineNozzleSection2ID_transformation1">
                  <scaling uID="EngineNozzleSection2ID_transformation1_scaling1">
                    <x>2.1</x>
                    <y>2.1</y>
                    <z>2.1</z>
                  </scaling>
                  <rotation uID="EngineNozzleSection2ID_transformation1_rotation1">
                    <x>0.0</x>
                    <y>0.0</y>
                    <z>0.0</z>
                  </rotation>
                  <translation refType="absLocal" uID="EngineNozzleSection2ID_transformation1_translation1">
                    <x>0</x>
                    <y>0</y>
                    <z>0</z>
                  </translation>
                </transformation>
                <elements>
                  <element uID="EngineNozzleSection2IDElement1">
                    <name>EngineNozzleSection2</name>
                    <profileUID>fuselageCircleProfileuID</profileUID>
                    <transformation uID="EngineNozzleSection2IDElement1_transformation1">
                      <scaling uID="EngineNozzleSection2IDElement1_transformation1_scaling1">
                        <x>1</x>
                        <y>1</y>
                        <z>1</z>
                      </scaling>
                      <rotation uID="EngineNozzleSection2IDElement1_transformation1_rotation1">
                        <x>0</x>
                        <y>0</y>
                        <z>0</z>
                      </rotation>
                      <translation refType="absLocal" uID="EngineNozzleSection2IDElement1_transformation1_translation1">
                        <x>0</x>
                        <y>0</y>
                        <z>0</z>
                      </translation>
                    </transformation>
                  </element>
                </elements>
              </section>
              <section uID="EngineNozzleSection3ID">
                <name>EngineNozzleSection3</name>
                <transformation uID="EngineNozzleSection3ID_transformation1">
                  <scaling uID="EngineNozzleSection3ID_transformation1_scaling1">
                    <x>1.0</x>
                    <y>1.0</y>
                    <z>1.0</z>
                  </scaling>
                  <rotation uID="EngineNozzleSection3ID_transformation1_rotation1">
                    <x>0.0</x>
                    <y>0.0</y>
                    <z>0.0</z>
                  </rotation>
                  <translation refType="absLocal" uID="EngineNozzleSection3ID_transformation1_translation1">
                    <x>0</x>
                    <y>0</y>
                    <z>0</z>
                  </translation>
                </transformation>
                <elements>
                  <element uID="EngineNozzleSection3IDElement1">
                    <name>EngineNozzleSection3</name>
                    <profileUID>fuselageCircleProfileuID</profileUID>
                    <transformation uID="EngineNozzleSection3IDElement1_transformation1">
                      <scaling uID="EngineNozzleSection3IDElement1_transformation1_scaling1">
                        <x>2.5</x>
                        <y>2.5</y>
                        <z>2.5</z>
                      </scaling>
                      <rotation uID="EngineNozzleSection3IDElement1_transformation1_rotation1">
                        <x>0</x>
                        <y>0</y>
                        <z>0</z>
                      </rotation>
                      <translation refType="absLocal" uID="EngineNozzleSection3IDElement1_transformation1_translation1">
                        <x>0</x>
                        <y>0</y>
                        <z>0</z>
                      </translation>
                    </transformation>
                  </element>
                </elements>
              </section>
              </sections>
            <positionings>
              <positioning uID="EngineNozzlePositioning1ID">
                <name>EngineNozzlePositioning1</name>
                <length>0.0</length>
                <sweepAngle>90</sweepAngle>
                <dihedralAngle>0</dihedralAngle>
                <toSectionUID>EngineNozzleSection1ID</toSectionUID>
              </positioning>
              <positioning uID="EngineNozzlePositioning2ID">
                <name>EngineNozzlePositioning2</name>
                <length>1.6</length>
                <sweepAngle>90</sweepAngle>
                <dihedralAngle>0</dihedralAngle>
                <fromSectionUID>EngineNozzleSection1ID</fromSectionUID>
                <toSectionUID>EngineNozzleSection2ID</toSectionUID>
              </positioning>
              <positioning uID="EngineNozzlePositioning3ID">
                <name>EngineNozzlePositioning3</name>
                <length>1.6</length>
                <sweepAngle>90</sweepAngle>
                <dihedralAngle>0</dihedralAngle>
                <fromSectionUID>EngineNozzleSection2ID</fromSectionUID>
                <toSectionUID>EngineNozzleSection3ID</toSectionUID>
              </positioning>
            </positionings>
            <segments>
              <segment uID="segmentEngineNozzleSegment2ID">
                <name>EngineNozzleSegment2</name>
                <fromElementUID>EngineNozzleSection1IDElement1</fromElementUID>
                <toElementUID>EngineNozzleSection2IDElement1</toElementUID>
              </segment>
              <segment uID="segmentEngineNozzleSegment3ID">
                <name>EngineNozzleSegment3</name>
                <fromElementUID>EngineNozzleSection2IDElement1</fromElementUID>
                <toElementUID>EngineNozzleSection3IDElement1</toElementUID>
              </segment>
            </segments>
          </fuselage>
          
		
		  <fuselage uID="Booster" symmetry="x-z-plane">
            <name>name</name>
			<parentUID>FirstStage</parentUID>
            <description>description</description>
            <transformation uID="Booster_transformation1">
              <scaling uID="Booster_transformation1_scaling1">
                <x>1.0</x>
                <y>1.0</y>
                <z>1.0</z>
              </scaling>
              <rotation uID="Booster_transformation1_rotation1">
                <x>0.0</x>
                <y>0.0</y>
                <z>0.0</z>
              </rotation>
              <translation refType="absLocal" uID="Booster_transformation1_translation1">
                <x>0.4</x>
                <y>4.9</y>
                <z>0.0</z>
              </translation>
            </transformation>
            <sections>
              <section uID="D150_BoosterSection1ID">
                <name>D150_BoosterSection1</name>
                <transformation uID="D150_BoosterSection1ID_transformation1">
                  <scaling uID="D150_BoosterSection1ID_transformation1_scaling1">
                    <x>1.0</x>
                    <y>1.0</y>
                    <z>1.0</z>
                  </scaling>
                  <rotation uID="D150_BoosterSection1ID_transformation1_rotation1">
                    <x>0.0</x>
                    <y>0.0</y>
                    <z>0.0</z>
                  </rotation>
                  <translation refType="absLocal" uID="D150_BoosterSection1ID_transformation1_translation1">
                    <x>0</x>
                    <y>0</y>
                    <z>0</z>
                  </translation>
                </transformation>
                <elements>
                  <element uID="D150_BoosterSection1IDElement1">
                    <name>D150_BoosterSection1</name>
                    <profileUID>fuselageCircleProfileuID</profileUID>
                    <transformation uID="D150_BoosterSection1IDElement1_transformation1">
                      <scaling uID="D150_BoosterSection1IDElement1_transformation1_scaling1">
                        <x>0.01</x>
                        <y>0.01</y>
                        <z>0.01</z>
                      </scaling>
                      <rotation uID="D150_BoosterSection1IDElement1_transformation1_rotation1">
                        <x>0</x>
                        <y>10</y>
                        <z>0</z>
                      </rotation>
                      <translation refType="absLocal" uID="D150_BoosterSection1IDElement1_transformation1_translation1">
                        <x>0</x>
                        <y>-1.1</y>
                        <z>0</z>
                      </translation>
                    </transformation>
                  </element>
                </elements>
              </section>
			  <section uID="D150_BoosterSection15ID">
                <name>D150_BoosterSection1</name>
                <transformation uID="D150_BoosterSection15ID_transformation1">
                  <scaling uID="D150_BoosterSection15ID_transformation1_scaling1">
                    <x>1.0</x>
                    <y>1.0</y>
                    <z>1.0</z>
                  </scaling>
                  <rotation uID="D150_BoosterSection15ID_transformation1_rotation1">
                    <x>0.0</x>
                    <y>0.0</y>
                    <z>0.0</z>
                  </rotation>
                  <translation refType="absLocal" uID="D150_BoosterSection15ID_transformation1_translation1">
                    <x>0</x>
                    <y>0</y>
                    <z>0</z>
                  </translation>
                </transformation>
                <elements>
                  <element uID="D150_BoosterSection15IDElement1">
                    <name>D150_BoosterSection1</name>
                    <profileUID>fuselageCircleProfileuID</profileUID>
                    <transformation uID="D150_BoosterSection15IDElement1_transformation1">
                      <scaling uID="D150_BoosterSection15IDElement1_transformation1_scaling1">
                        <x>0.7</x>
                        <y>0.7</y>
                        <z>0.7</z>
                      </scaling>
                      <rotation uID="D150_BoosterSection15IDElement1_transformation1_rotation1">
                        <x>0</x>
                        <y>0</y>
                        <z>10	</z>
                      </rotation>
                      <translation refType="absLocal" uID="D150_BoosterSection15IDElement1_transformation1_translation1">
                        <x>0</x>
                        <y>-1	</y>
                        <z>0</z>
                      </translation>
                    </transformation>
                  </element>
                </elements>
              </section>
              <section uID="D150_BoosterSection2ID">
                <name>D150_BoosterSection2</name>
                <transformation uID="D150_BoosterSection2ID_transformation1">
                  <scaling uID="D150_BoosterSection2ID_transformation1_scaling1">
                    <x>1.7</x>
                    <y>1.7</y>
                    <z>1.7</z>
                  </scaling>
                  <rotation uID="D150_BoosterSection2ID_transformation1_rotation1">
                    <x>0.0</x>
                    <y>0.0</y>
                    <z>5.0</z>
                  </rotation>
                  <translation refType="absLocal" uID="D150_BoosterSection2ID_transformation1_translation1">
                    <x>0</x>
                    <y>0</y>
                    <z>0</z>
                  </translation>
                </transformation>
                <elements>
                  <element uID="D150_BoosterSection2IDElement1">
                    <name>D150_BoosterSection2</name>
                    <profileUID>fuselageCircleProfileuID</profileUID>
                    <transformation uID="D150_BoosterSection2IDElement1_transformation1">
                      <scaling uID="D150_BoosterSection2IDElement1_transformation1_scaling1">
                        <x>1</x>
                        <y>1</y>
                        <z>1</z>
                      </scaling>
                      <rotation uID="D150_BoosterSection2IDElement1_transformation1_rotation1">
                        <x>0</x>
                        <y>0</y>
                        <z>0</z>
                      </rotation>
                      <translation refType="absLocal" uID="D150_BoosterSection2IDElement1_transformation1_translation1">
                        <x>0</x>
                        <y>0</y>
                        <z>0</z>
                      </translation>
                    </transformation>
                  </element>
                </elements>
              </section>
              <section uID="D150_BoosterSection3ID">
                <name>D150_BoosterSection3</name>
                <transformation uID="D150_BoosterSection3ID_transformation1">
                  <scaling uID="D150_BoosterSection3ID_transformation1_scaling1">
                    <x>1.0</x>
                    <y>1.0</y>
                    <z>1.0</z>
                  </scaling>
                  <rotation uID="D150_BoosterSection3ID_transformation1_rotation1">
                    <x>0.0</x>
                    <y>0.0</y>
                    <z>0.0</z>
                  </rotation>
                  <translation refType="absLocal" uID="D150_BoosterSection3ID_transformation1_translation1">
                    <x>0</x>
                    <y>0</y>
                    <z>0</z>
                  </translation>
                </transformation>
                <elements>
                  <element uID="D150_BoosterSection3IDElement1">
                    <name>D150_BoosterSection3</name>
                    <profileUID>fuselageCircleProfileuID</profileUID>
                    <transformation uID="D150_BoosterSection3IDElement1_transformation1">
                      <scaling uID="D150_BoosterSection3IDElement1_transformation1_scaling1">
                        <x>1.7</x>
                        <y>1.7</y>
                        <z>1.7</z>
                      </scaling>
                      <rotation uID="D150_BoosterSection3IDElement1_transformation1_rotation1">
                        <x>0</x>
                        <y>0</y>
                        <z>0</z>
                      </rotation>
                      <translation refType="absLocal" uID="D150_BoosterSection3IDElement1_transformation1_translation1">
                        <x>0</x>
                        <y>0</y>
                        <z>0</z>
                      </translation>
                    </transformation>
                  </element>
                </elements>
              </section>
			                <section uID="D150_BoosterSection4ID">
                <name>D150_BoosterSection4</name>
                <transformation uID="D150_BoosterSection4ID_transformation1">
                  <scaling uID="D150_BoosterSection4ID_transformation1_scaling1">
                    <x>1.0</x>
                    <y>1.0</y>
                    <z>1.0</z>
                  </scaling>
                  <rotation uID="D150_BoosterSection4ID_transformation1_rotation1">
                    <x>0.0</x>
                    <y>0.0</y>
                    <z>0.0</z>
                  </rotation>
                  <translation refType="absLocal" uID="D150_BoosterSection4ID_transformation1_translation1">
                    <x>0</x>
                    <y>0</y>
                    <z>0</z>
                  </translation>
                </transformation>
                <elements>
                  <element uID="D150_BoosterSection4IDElement1">
                    <name>D150_BoosterSection4</name>
                    <profileUID>fuselageCircleProfileuID</profileUID>
                    <transformation uID="D150_BoosterSection4IDElement1_transformation1">
                      <scaling uID="D150_BoosterSection4IDElement1_transformation1_scaling1">
                        <x>2</x>
                        <y>2</y>
                        <z>2</z>
                      </scaling>
                      <rotation uID="D150_BoosterSection4IDElement1_transformation1_rotation1">
                        <x>0</x>
                        <y>0</y>
                        <z>0</z>
                      </rotation>
                      <translation refType="absLocal" uID="D150_BoosterSection4IDElement1_transformation1_translation1">
                        <x>0</x>
                        <y>0</y>
                        <z>0</z>
                      </translation>
                    </transformation>
                  </element>
                </elements>
              </section>
            </sections>
            <positionings>
              <positioning uID="D150_BoosterPositioning1ID">
                <name>D150_BoosterPositioning1</name>
                <length>0.0</length>
                <sweepAngle>90</sweepAngle>
                <dihedralAngle>0</dihedralAngle>
                <toSectionUID>D150_BoosterSection1ID</toSectionUID>
              </positioning>
			  <positioning uID="D150_BoosterPositioning15ID">
                <name>D150_BoosterPositioning1</name>
                <length>0.5</length>
                <sweepAngle>90</sweepAngle>
                <dihedralAngle>0</dihedralAngle>
				<fromSectionUID>D150_BoosterSection1ID</fromSectionUID>
                <toSectionUID>D150_BoosterSection15ID</toSectionUID>
              </positioning>
              <positioning uID="D150_BoosterPositioning2ID">
                <name>D150_BoosterPositioning2</name>
                <length>4.5</length>
                <sweepAngle>90</sweepAngle>
                <dihedralAngle>0</dihedralAngle>
                <fromSectionUID>D150_BoosterSection15ID</fromSectionUID>
                <toSectionUID>D150_BoosterSection2ID</toSectionUID>
              </positioning>
              <positioning uID="D150_BoosterPositioning3ID">
                <name>D150_BoosterPositioning3</name>
                <length>25.3</length>
                <sweepAngle>90</sweepAngle>
                <dihedralAngle>0</dihedralAngle>
                <fromSectionUID>D150_BoosterSection2ID</fromSectionUID>
                <toSectionUID>D150_BoosterSection3ID</toSectionUID>
              </positioning>
			  <positioning uID="D150_BoosterPositioning4ID">
                <name>D150_BoosterPositioning3</name>
                <length>1.2</length>
                <sweepAngle>90</sweepAngle>
                <dihedralAngle>0</dihedralAngle>
                <fromSectionUID>D150_BoosterSection3ID</fromSectionUID>
                <toSectionUID>D150_BoosterSection4ID</toSectionUID>
              </positioning>
            </positionings>
            <segments>
              <segment uID="segmentD150_BoosterSegment2ID">
                <name>D150_BoosterSegment2</name>
                <fromElementUID>D150_BoosterSection1IDElement1</fromElementUID>
                <toElementUID>D150_BoosterSection15IDElement1</toElementUID>
				<guideCurves>
                  <guideCurve uID="BoosterSegment_0_upper">
                    <name>D150_Fuselage_1_Segment0_guide0</name>
                    <guideCurveProfileUID>BoosterSegment_nose_profile</guideCurveProfileUID>
                    <fromRelativeCircumference>0</fromRelativeCircumference>
                    <toRelativeCircumference>0</toRelativeCircumference>
                  </guideCurve>
				  				   <guideCurve uID="BoosterSegment_0_left">
                    <name>D150_Fuselage_1_Segment0_guide0</name>
                    <guideCurveProfileUID>BoosterSegment_nose_profile</guideCurveProfileUID>
                    <fromRelativeCircumference>0.25</fromRelativeCircumference>
                    <toRelativeCircumference>0.25</toRelativeCircumference>
                  </guideCurve>
				  
				   <guideCurve uID="BoosterSegment_0_lower">
                    <name>D150_Fuselage_1_Segment0_guide0</name>
                    <guideCurveProfileUID>BoosterSegment_nose_profile</guideCurveProfileUID>
                    <fromRelativeCircumference>0.5</fromRelativeCircumference>
                    <toRelativeCircumference>0.5</toRelativeCircumference>
                  </guideCurve>
		          <guideCurve uID="BoosterSegment_0_right">
                    <name>D150_Fuselage_1_Segment0_guide0</name>
                    <guideCurveProfileUID>BoosterSegment_nose_profile</guideCurveProfileUID>
                    <fromRelativeCircumference>0.75</fromRelativeCircumference>
                    <toRelativeCircumference>0.75</toRelativeCircumference>
                  </guideCurve>
				  </guideCurves>
              </segment>
			<segment uID="segmentD150_BoosterSegment25ID">
                <name>D150_BoosterSegment2</name>
                <fromElementUID>D150_BoosterSection15IDElement1</fromElementUID>
                <toElementUID>D150_BoosterSection2IDElement1</toElementUID>
				<guideCurves>
                  <guideCurve uID="BoosterSegment_05_upper">
                    <name>D150_Fuselage_1_Segment0_guide0</name>
                    <guideCurveProfileUID>BoosterSegment_0_upper_profile</guideCurveProfileUID>
                    <fromGuideCurveUID>BoosterSegment_0_upper</fromGuideCurveUID>
                    <toRelativeCircumference>0</toRelativeCircumference>
					<continuity>c1 to previous</continuity>
                  </guideCurve>
				  				   <guideCurve uID="BoosterSegment_05_left">
                    <name>D150_Fuselage_1_Segment0_guide0</name>
                    <guideCurveProfileUID>BoosterSegment_0_upper_profile</guideCurveProfileUID>
                    <fromGuideCurveUID>BoosterSegment_0_left</fromGuideCurveUID>
                    <toRelativeCircumference>0.25</toRelativeCircumference>
					<continuity>c1 to previous</continuity>
                  </guideCurve>
				  
				   <guideCurve uID="BoosterSegment_05_lower">
                    <name>D150_Fuselage_1_Segment0_guide0</name>
                    <guideCurveProfileUID>BoosterSegment_0_upper_profile</guideCurveProfileUID>
                    <fromGuideCurveUID>BoosterSegment_0_lower</fromGuideCurveUID>
                    <toRelativeCircumference>0.5</toRelativeCircumference>
					<continuity>c1 to previous</continuity>
                  </guideCurve>
		          <guideCurve uID="BoosterSegment_05_right">
                    <name>D150_Fuselage_1_Segment0_guide0</name>
                    <guideCurveProfileUID>BoosterSegment_0_upper_profile</guideCurveProfileUID>
                    <fromGuideCurveUID>BoosterSegment_0_right</fromGuideCurveUID>
                    <toRelativeCircumference>0.75</toRelativeCircumference>
					<continuity>c1 to previous</continuity>
                  </guideCurve>
				  </guideCurves>
              </segment>
              <segment uID="segmentD150_BoosterSegment3ID">
                <name>D150_BoosterSegment3</name>
                <fromElementUID>D150_BoosterSection2IDElement1</fromElementUID>
                <toElementUID>D150_BoosterSection3IDElement1</toElementUID>
				<guideCurves>
					<guideCurve uID="BoosterSegment_1_upper">
						<name>Booster_Segment_1_upper</name>
						<guideCurveProfileUID>BoosterSegment_0_upper_profile</guideCurveProfileUID>
						<fromGuideCurveUID>BoosterSegment_05_upper</fromGuideCurveUID>
						<toRelativeCircumference>0</toRelativeCircumference>
						<continuity>C0</continuity>
					</guideCurve>
					<guideCurve uID="BoosterSegment_1_left">
						<name>Booster_Segment_1_upper</name>
						<guideCurveProfileUID>BoosterSegment_0_upper_profile</guideCurveProfileUID>
						<fromGuideCurveUID>BoosterSegment_05_left</fromGuideCurveUID>
						<toRelativeCircumference>0.25</toRelativeCircumference>
						<continuity>C0</continuity>
					</guideCurve>
			         <guideCurve uID="BoosterSegment_1_lower">
                    <name>D150_Fuselage_1_Segment0_guide0</name>
                    <guideCurveProfileUID>BoosterSegment_0_upper_profile</guideCurveProfileUID>
                    <fromGuideCurveUID>BoosterSegment_05_lower</fromGuideCurveUID>
                    <toRelativeCircumference>0.5</toRelativeCircumference>
					<continuity>C0</continuity>
                  </guideCurve>
				<guideCurve uID="BoosterSegment_1_right">
						<name>Booster_Segment_1_upper</name>
						<guideCurveProfileUID>BoosterSegment_0_upper_profile</guideCurveProfileUID>
						<fromGuideCurveUID>BoosterSegment_05_right</fromGuideCurveUID>
						<toRelativeCircumference>0.75</toRelativeCircumference>
						<continuity>C0</continuity>
						</guideCurve>
				  </guideCurves>
              </segment>
			                <segment uID="segmentD150_BoosterSegment4ID">
                <name>D150_BoosterSegment4</name>
                <fromElementUID>D150_BoosterSection3IDElement1</fromElementUID>
                <toElementUID>D150_BoosterSection4IDElement1</toElementUID>
				<guideCurves>
					<guideCurve uID="BoosterSegment_2_upper">
						<name>Booster_Segment_1_upper</name>
						<guideCurveProfileUID>BoosterSegment_0_upper_profile</guideCurveProfileUID>
						<fromGuideCurveUID>BoosterSegment_1_upper</fromGuideCurveUID>
						<toRelativeCircumference>0</toRelativeCircumference>
						<continuity>C0</continuity>
					</guideCurve>
					<guideCurve uID="BoosterSegment_2_left">
						<name>Booster_Segment_1_upper</name>
						<guideCurveProfileUID>BoosterSegment_0_upper_profile</guideCurveProfileUID>
						<fromGuideCurveUID>BoosterSegment_1_left</fromGuideCurveUID>
						<toRelativeCircumference>0.25</toRelativeCircumference>
						<continuity>C0</continuity>
					</guideCurve>
			         <guideCurve uID="BoosterSegment_2_lower">
                    <name>D150_Fuselage_1_Segment0_guide0</name>
                    <guideCurveProfileUID>BoosterSegment_0_upper_profile</guideCurveProfileUID>
                    <fromGuideCurveUID>BoosterSegment_1_lower</fromGuideCurveUID>
                    <toRelativeCircumference>0.5</toRelativeCircumference>
					<continuity>C0</continuity>
                  </guideCurve>
				<guideCurve uID="BoosterSegment_2_right">
						<name>Booster_Segment_1_upper</name>
						<guideCurveProfileUID>BoosterSegment_0_upper_profile</guideCurveProfileUID>
						<fromGuideCurveUID>BoosterSegment_1_right</fromGuideCurveUID>
						<toRelativeCircumference>0.75</toRelativeCircumference>
						<continuity>C0</continuity>
						</guideCurve>
				  </guideCurves>
              </segment>
            </segments>
          </fuselage>
       
        
		 <fuselage uID="BoosterNozzle">
            <name>name</name>
			<parentUID>Booster</parentUID>
            <description>description</description>
            <transformation uID="BoosterNozzle_transformation1">
              <scaling uID="BoosterNozzle_transformation1_scaling1">
                <x>0.65</x>
                <y>0.65</y>
                <z>0.65</z>
              </scaling>
              <rotation uID="BoosterNozzle_transformation1_rotation1">
                <x>0.0</x>
                <y>0.0</y>
                <z>0.0</z>
              </rotation>
              <translation refType="absLocal" uID="BoosterNozzle_transformation1_translation1">
                <x>31.2</x>
                <y>0.0</y>
                <z>0.0</z>
              </translation>
            </transformation>
            <sections>
              <section uID="BoosterNozzleSection1ID">
                <name>BoosterNozzleSection1</name>
                <transformation uID="BoosterNozzleSection1ID_transformation1">
                  <scaling uID="BoosterNozzleSection1ID_transformation1_scaling1">
                    <x>1.0</x>
                    <y>1.0</y>
                    <z>1.0</z>
                  </scaling>
                  <rotation uID="BoosterNozzleSection1ID_transformation1_rotation1">
                    <x>0.0</x>
                    <y>0.0</y>
                    <z>0.0</z>
                  </rotation>
                  <translation refType="absLocal" uID="BoosterNozzleSection1ID_transformation1_translation1">
                    <x>0</x>
                    <y>0</y>
                    <z>0</z>
                  </translation>
                </transformation>
                <elements>
                  <element uID="BoosterNozzleSection1IDElement1">
                    <name>BoosterNozzleSection1</name>
                    <profileUID>fuselageCircleProfileuID</profileUID>
                    <transformation uID="BoosterNozzleSection1IDElement1_transformation1">
                      <scaling uID="BoosterNozzleSection1IDElement1_transformation1_scaling1">
                        <x>1.2</x>
                        <y>1.2</y>
                        <z>1.2</z>
                      </scaling>
                      <rotation uID="BoosterNozzleSection1IDElement1_transformation1_rotation1">
                        <x>0</x>
                        <y>0</y>
                        <z>0</z>
                      </rotation>
                      <translation refType="absLocal" uID="BoosterNozzleSection1IDElement1_transformation1_translation1">
                        <x>0</x>
                        <y>0</y>
                        <z>0</z>
                      </translation>
                    </transformation>
                  </element>
                </elements>
              </section>
              <section uID="BoosterNozzleSection2ID">
                <name>BoosterNozzleSection2</name>
                <transformation uID="BoosterNozzleSection2ID_transformation1">
                  <scaling uID="BoosterNozzleSection2ID_transformation1_scaling1">
                    <x>2.1</x>
                    <y>2.1</y>
                    <z>2.1</z>
                  </scaling>
                  <rotation uID="BoosterNozzleSection2ID_transformation1_rotation1">
                    <x>0.0</x>
                    <y>0.0</y>
                    <z>0.0</z>
                  </rotation>
                  <translation refType="absLocal" uID="BoosterNozzleSection2ID_transformation1_translation1">
                    <x>0</x>
                    <y>0</y>
                    <z>0</z>
                  </translation>
                </transformation>
                <elements>
                  <element uID="BoosterNozzleSection2IDElement1">
                    <name>BoosterNozzleSection2</name>
                    <profileUID>fuselageCircleProfileuID</profileUID>
                    <transformation uID="BoosterNozzleSection2IDElement1_transformation1">
                      <scaling uID="BoosterNozzleSection2IDElement1_transformation1_scaling1">
                        <x>1</x>
                        <y>1</y>
                        <z>1</z>
                      </scaling>
                      <rotation uID="BoosterNozzleSection2IDElement1_transformation1_rotation1">
                        <x>0</x>
                        <y>0</y>
                        <z>0</z>
                      </rotation>
                      <translation refType="absLocal" uID="BoosterNozzleSection2IDElement1_transformation1_translation1">
                        <x>0</x>
                        <y>0</y>
                        <z>0</z>
                      </translation>
                    </transformation>
                  </element>
                </elements>
              </section>
              <section uID="BoosterNozzleSection3ID">
                <name>BoosterNozzleSection3</name>
                <transformation uID="BoosterNozzleSection3ID_transformation1">
                  <scaling uID="BoosterNozzleSection3ID_transformation1_scaling1">
                    <x>1.0</x>
                    <y>1.0</y>
                    <z>1.0</z>
                  </scaling>
                  <rotation uID="BoosterNozzleSection3ID_transformation1_rotation1">
                    <x>0.0</x>
                    <y>0.0</y>
                    <z>0.0</z>
                  </rotation>
                  <translation refType="absLocal" uID="BoosterNozzleSection3ID_transformation1_translation1">
                    <x>0</x>
                    <y>0</y>
                    <z>0</z>
                  </translation>
                </transformation>
                <elements>
                  <element uID="BoosterNozzleSection3IDElement1">
                    <name>BoosterNozzleSection3</name>
                    <profileUID>fuselageCircleProfileuID</profileUID>
                    <transformation uID="BoosterNozzleSection3IDElement1_transformation1">
                      <scaling uID="BoosterNozzleSection3IDElement1_transformation1_scaling1">
                        <x>2.5</x>
                        <y>2.5</y>
                        <z>2.5</z>
                      </scaling>
                      <rotation uID="BoosterNozzleSection3IDElement1_transformation1_rotation1">
                        <x>0</x>
                        <y>0</y>
                        <z>0</z>
                      </rotation>
                      <translation refType="absLocal" uID="BoosterNozzleSection3IDElement1_transformation1_translation1">
                        <x>0</x>
                        <y>0</y>
                        <z>0</z>
                      </translation>
                    </transformation>
                  </element>
                </elements>
              </section>
              </sections>
            <positionings>
              <positioning uID="BoosterNozzlePositioning1ID">
                <name>BoosterNozzlePositioning1</name>
                <length>0.0</length>
                <sweepAngle>90</sweepAngle>
                <dihedralAngle>0</dihedralAngle>
                <toSectionUID>BoosterNozzleSection1ID</toSectionUID>
              </positioning>
              <positioning uID="BoosterNozzlePositioning2ID">
                <name>BoosterNozzlePositioning2</name>
                <length>1.6</length>
                <sweepAngle>90</sweepAngle>
                <dihedralAngle>0</dihedralAngle>
                <fromSectionUID>BoosterNozzleSection1ID</fromSectionUID>
                <toSectionUID>BoosterNozzleSection2ID</toSectionUID>
              </positioning>
              <positioning uID="BoosterNozzlePositioning3ID">
                <name>BoosterNozzlePositioning3</name>
                <length>1.6</length>
                <sweepAngle>90</sweepAngle>
                <dihedralAngle>0</dihedralAngle>
                <fromSectionUID>BoosterNozzleSection2ID</fromSectionUID>
                <toSectionUID>BoosterNozzleSection3ID</toSectionUID>
              </positioning>
            </positionings>
            <segments>
              <segment uID="segmentBoosterNozzleSegment2ID">
                <name>BoosterNozzleSegment2</name>
                <fromElementUID>BoosterNozzleSection1IDElement1</fromElementUID>
                <toElementUID>BoosterNozzleSection2IDElement1</toElementUID>
              </segment>
              <segment uID="segmentBoosterNozzleSegment3ID">
                <name>BoosterNozzleSegment3</name>
                <fromElementUID>BoosterNozzleSection2IDElement1</fromElementUID>
                <toElementUID>BoosterNozzleSection3IDElement1</toElementUID>
              </segment>
            </segments>
          </fuselage>
          
		</fuselages>
      </model>
    </aircraft>
    <profiles>
      <fuselageProfiles>
        <fuselageProfile uID="fuselageCircleProfileuID">
          <name>Circle</name>
          <description>Profile build up from set of Points on Circle where may Dimensions are 1..-1</description>
          <pointList>
            <x mapType="vector">0.0;0.0;0.0;0.0;0.0;0.0;0.0;0.0;0.0;0.0;0.0;0.0;0.0;0.0;0.0;0.0;0.0;0.0;0.0;0.0;0.0;0.0;0.0;0.0;0.0;0.0;0.0;0.0;0.0;0.0;0.0;0.0;0.0;0.0;0.0;0.0;0.0;0.0;0.0;0.0;0.0;0.0;0.0;0.0;0.0;0.0;0.0;0.0;0.0;0.0;0.0;0.0;0.0;0.0;0.0;0.0;0.0;0.0;0.0;0.0;0.0;0.0;0.0;0.0;0.0;0.0;0.0;0.0;0.0;0.0;0.0;0.0;0.0;0.0;0.0;0.0;0.0;0.0;0.0;0.0;0.0;0.0</x>
            <y mapType="vector">0.0;0.0774924206719;0.154518792808;0.230615870742;0.305325997695;0.378199858172;0.4487991802;0.516699371152;0.581492071288;0.642787609687;0.700217347767;0.753435896328;0.802123192755;0.84598642592;0.884761797177;0.91821610688;0.946148156876;0.968389960528;0.984807753012;0.995302795793;0.999811970449;0.998308158271;0.990800403365;0.977333858251;0.957989512315;0.932883704732;0.902167424781;0.866025403784;0.824675004109;0.778364911924;0.727373641573;0.672007860556;0.612600545193;0.549508978071;0.483112599297;0.413810724505;0.342020143326;0.268172612761;0.192712260548;0.116092914125;0.0387753712568;-0.0387753712568;-0.116092914125;-0.192712260548;-0.268172612761;-0.342020143326;-0.413810724505;-0.483112599297;-0.549508978071;-0.612600545193;-0.672007860556;-0.727373641573;-0.778364911924;-0.824675004109;-0.866025403784;-0.902167424781;-0.932883704732;-0.957989512315;-0.977333858251;-0.990800403365;-0.998308158271;-0.999811970449;-0.995302795793;-0.984807753012;-0.968389960528;-0.946148156876;-0.91821610688;-0.884761797177;-0.84598642592;-0.802123192755;-0.753435896328;-0.700217347767;-0.642787609687;-0.581492071288;-0.516699371152;-0.4487991802;-0.378199858172;-0.305325997695;-0.230615870742;-0.154518792808;-0.0774924206719;0.0</y>
            <z mapType="vector">1.0;0.996992941168;0.987989849477;0.97304487058;0.952247885338;0.925723969269;0.893632640323;0.85616689953;0.813552070263;0.766044443119;0.713929734558;0.657521368569;0.597158591703;0.533204432802;0.466043519703;0.396079766039;0.323733942058;0.249441144058;0.173648177667;0.0968108707032;0.0193913317718;-0.0581448289105;-0.13533129975;-0.211703872229;-0.286803232711;-0.360177724805;-0.431386065681;-0.5;-0.565606875487;-0.627812124672;-0.686241637869;-0.740544013109;-0.790392669519;-0.835487811413;-0.875558231302;-0.910362940966;-0.939692620786;-0.963370878616;-0.981255310627;-0.993238357742;-0.999247952504;-0.999247952504;-0.993238357742;-0.981255310627;-0.963370878616;-0.939692620786;-0.910362940966;-0.875558231302;-0.835487811413;-0.790392669519;-0.740544013109;-0.686241637869;-0.627812124672;-0.565606875487;-0.5;-0.431386065681;-0.360177724805;-0.286803232711;-0.211703872229;-0.13533129975;-0.0581448289105;0.0193913317718;0.0968108707032;0.173648177667;0.249441144058;0.323733942058;0.396079766039;0.466043519703;0.533204432802;0.597158591703;0.657521368569;0.713929734558;0.766044443119;0.813552070263;0.85616689953;0.893632640323;0.925723969269;0.952247885338;0.97304487058;0.987989849477;0.996992941168;1.0</z>
          </pointList>
        </fuselageProfile>
      </fuselageProfiles>
      <wingAirfoils>
        <wingAirfoil uID="NACA0012">
          <name>NACA0.00.00.12</name>
          <description>NACA 4 Series Profile</description>
          <pointList>
            <x mapType="vector">1.0;0.9875;0.975;0.9625;0.95;0.9375;0.925;0.9125;0.9;0.8875;0.875;0.8625;0.85;0.8375;0.825;0.8125;0.8;0.7875;0.775;0.7625;0.75;0.7375;0.725;0.7125;0.7;0.6875;0.675;0.6625;0.65;0.6375;0.625;0.6125;0.6;0.5875;0.575;0.5625;0.55;0.5375;0.525;0.5125;0.5;0.4875;0.475;0.4625;0.45;0.4375;0.425;0.4125;0.4;0.3875;0.375;0.3625;0.35;0.3375;0.325;0.3125;0.3;0.2875;0.275;0.2625;0.25;0.2375;0.225;0.2125;0.2;0.1875;0.175;0.1625;0.15;0.1375;0.125;0.1125;0.1;0.0875;0.075;0.0625;0.05;0.0375;0.025;0.0125;0.0;0.0125;0.025;0.0375;0.05;0.0625;0.075;0.0875;0.1;0.1125;0.125;0.1375;0.15;0.1625;0.175;0.1875;0.2;0.2125;0.225;0.2375;0.25;0.2625;0.275;0.2875;0.3;0.3125;0.325;0.3375;0.35;0.3625;0.375;0.3875;0.4;0.4125;0.425;0.4375;0.45;0.4625;0.475;0.4875;0.5;0.5125;0.525;0.5375;0.55;0.5625;0.575;0.5875;0.6;0.6125;0.625;0.6375;0.65;0.6625;0.675;0.6875;0.7;0.7125;0.725;0.7375;0.75;0.7625;0.775;0.7875;0.8;0.8125;0.825;0.8375;0.85;0.8625;0.875;0.8875;0.9;0.9125;0.925;0.9375;0.95;0.9625;0.975;0.9875</x>
            <y mapType="vector">0.0;0.0;0.0;0.0;0.0;0.0;0.0;0.0;0.0;0.0;0.0;0.0;0.0;0.0;0.0;0.0;0.0;0.0;0.0;0.0;0.0;0.0;0.0;0.0;0.0;0.0;0.0;0.0;0.0;0.0;0.0;0.0;0.0;0.0;0.0;0.0;0.0;0.0;0.0;0.0;0.0;0.0;0.0;0.0;0.0;0.0;0.0;0.0;0.0;0.0;0.0;0.0;0.0;0.0;0.0;0.0;0.0;0.0;0.0;0.0;0.0;0.0;0.0;0.0;0.0;0.0;0.0;0.0;0.0;0.0;0.0;0.0;0.0;0.0;0.0;0.0;0.0;0.0;0.0;0.0;0.0;0.0;0.0;0.0;0.0;0.0;0.0;0.0;0.0;0.0;0.0;0.0;0.0;0.0;0.0;0.0;0.0;0.0;0.0;0.0;0.0;0.0;0.0;0.0;0.0;0.0;0.0;0.0;0.0;0.0;0.0;0.0;0.0;0.0;0.0;0.0;0.0;0.0;0.0;0.0;0.0;0.0;0.0;0.0;0.0;0.0;0.0;0.0;0.0;0.0;0.0;0.0;0.0;0.0;0.0;0.0;0.0;0.0;0.0;0.0;0.0;0.0;0.0;0.0;0.0;0.0;0.0;0.0;0.0;0.0;0.0;0.0;0.0;0.0;0.0;0.0;0.0;0.0;0.0;0.0</y>
            <z mapType="vector">0.00126;0.0030004180415;0.00471438572941;0.00640256842113;0.00806559133343;0.00970403933653;0.0113184567357;0.0129093470398;0.0144771727147;0.0160223549226;0.0175452732434;0.0190462653789;0.0205256268372;0.0219836105968;0.0234204267471;0.024836242105;0.0262311798047;0.0276053188583;0.0289586936852;0.0302912936071;0.0316030623052;0.0328938972373;0.0341636490097;0.0354121207001;0.0366390671268;0.0378441940595;0.0390271573644;0.0401875620783;0.0413249614032;0.042438855614;0.043528690869;0.0445938579126;0.0456336906587;0.04664746464;0.0476343953088;0.0485936361694;0.0495242767241;0.0504253402064;0.0512957810767;0.0521344822472;0.0529402520006;0.0537118205596;0.0544478362583;0.0551468612564;0.0558073667285;0.0564277274483;0.0570062156697;0.0575409941929;0.0580301084765;0.0584714776309;0.0588628840933;0.059201961739;0.0594861821311;0.0597128385384;0.059879027262;0.0599816256958;0.060017266394;0.059982306219;0.05987278938;0.0596844028137;0.059412421875;0.059051643633;0.0585963041308;0.0580399746271;0.0573754299024;0.0565944788455;0.0556877432118;0.054644363746;0.0534516022043;0.0520942903127;0.0505540468987;0.0488081315259;0.0468277042382;0.0445750655553;0.0419990347204;0.0390266537476;0.0355468568262;0.0313738751622;0.0261471986426;0.0189390266528;0.0;-0.0189390266528;-0.0261471986426;-0.0313738751622;-0.0355468568262;-0.0390266537476;-0.0419990347204;-0.0445750655553;-0.0468277042382;-0.0488081315259;-0.0505540468987;-0.0520942903127;-0.0534516022043;-0.054644363746;-0.0556877432118;-0.0565944788455;-0.0573754299024;-0.0580399746271;-0.0585963041308;-0.059051643633;-0.059412421875;-0.0596844028137;-0.05987278938;-0.059982306219;-0.060017266394;-0.0599816256958;-0.059879027262;-0.0597128385384;-0.0594861821311;-0.059201961739;-0.0588628840933;-0.0584714776309;-0.0580301084765;-0.0575409941929;-0.0570062156697;-0.0564277274483;-0.0558073667285;-0.0551468612564;-0.0544478362583;-0.0537118205596;-0.0529402520006;-0.0521344822472;-0.0512957810767;-0.0504253402064;-0.0495242767241;-0.0485936361694;-0.0476343953088;-0.04664746464;-0.0456336906587;-0.0445938579126;-0.043528690869;-0.042438855614;-0.0413249614032;-0.0401875620783;-0.0390271573644;-0.0378441940595;-0.0366390671268;-0.0354121207001;-0.0341636490097;-0.0328938972373;-0.0316030623052;-0.0302912936071;-0.0289586936852;-0.0276053188583;-0.0262311798047;-0.024836242105;-0.0234204267471;-0.0219836105968;-0.0205256268372;-0.0190462653789;-0.0175452732434;-0.0160223549226;-0.0144771727147;-0.0129093470398;-0.0113184567357;-0.00970403933653;-0.00806559133343;-0.00640256842113;-0.00471438572941;-0.0030004180415</z>
          </pointList>
        </wingAirfoil>
      </wingAirfoils>
	  <guideCurves>
	    <guideCurveProfile uID="SecondStageSegment_0_upper_profile">
          <name>guideCurveFuselageProfileForSegment0_0</name>
          <pointList>
            <rX mapType="vector">0;0;0</rX>
            <rY mapType="vector">0.25; 0.5;0.75</rY>
            <rZ mapType="vector">0.;0;0</rZ>
          </pointList>
        </guideCurveProfile>
		    <guideCurveProfile uID="EngineSegment_0_upper_profile">
          <name>guideCurveFuselageProfileForSegment0_0</name>
          <pointList>
            <rX mapType="vector">0</rX>
            <rY mapType="vector">0.5</rY>
            <rZ mapType="vector">0</rZ>
          </pointList>
        </guideCurveProfile>
    <guideCurveProfile uID="BoosterSegment_0_upper_profile">
          <name>guideCurveFuselageProfileForSegment0_0</name>
          <pointList>
            <rX mapType="vector">0</rX>
            <rY mapType="vector">0.5</rY>
            <rZ mapType="vector">0</rZ>
          </pointList>
        </guideCurveProfile>
	    <guideCurveProfile uID="BoosterSegment_nose_profile">
          <name>guideCurveFuselageProfileForSegment0_0</name>
          <pointList>
            <rX mapType="vector"></rX>
            <rY mapType="vector"></rY>
            <rZ mapType="vector"></rZ>
          </pointList>
        </guideCurveProfile>
	  </guideCurves>
    </profiles>
  </vehicles>
</cpacs>
